{"cameraMode":{"drawMode":0,"name":"Shaded","section":"Shading Mode"},"sceneLighting":false,"audioPlay":false,"sceneViewState":{"m_AlwaysRefresh":false,"showFog":true,"showSkybox":false,"showFlares":true,"showImageEffects":true,"showParticleSystems":true,"showVisualEffectGraphs":true,"m_FxEnabled":true},"in2DMode":false,"pivot":{"x":-0.14950937032699586,"y":0.7684119343757629,"z":3.507166624069214},"rotation":{"x":-0.0009524403722025454,"y":-0.9886744618415833,"z":0.15004085004329682,"w":-0.0062340060248970989},"size":0.3471814692020416,"orthographic":false}