{"cameraMode":{"drawMode":0,"name":"Shaded","section":"Shading Mode"},"sceneLighting":false,"audioPlay":false,"sceneViewState":{"m_AlwaysRefresh":false,"showFog":true,"showSkybox":false,"showFlares":true,"showImageEffects":true,"showParticleSystems":true,"showVisualEffectGraphs":true,"m_FxEnabled":true},"in2DMode":false,"pivot":{"x":-2.7799999713897707,"y":0.7599999904632568,"z":34.34000015258789},"rotation":{"x":0.19428513944149018,"y":0.16249388456344605,"z":-0.03265943005681038,"w":0.9668925404548645},"size":0.6123724579811096,"orthographic":false}