{"cameraMode":{"drawMode":0,"name":"Shaded","section":"Shading Mode"},"sceneLighting":false,"audioPlay":false,"sceneViewState":{"m_AlwaysRefresh":false,"showFog":true,"showSkybox":false,"showFlares":true,"showImageEffects":true,"showParticleSystems":true,"showVisualEffectGraphs":true,"m_FxEnabled":true},"in2DMode":false,"pivot":{"x":-0.10765731334686279,"y":0.5042692422866821,"z":4.187936782836914},"rotation":{"x":0.12478780001401901,"y":-0.4924282729625702,"z":0.07149134576320648,"w":0.8584229946136475},"size":0.7313424348831177,"orthographic":false}