{"cameraMode":{"drawMode":0,"name":"Shaded","section":"Shading Mode"},"sceneLighting":false,"audioPlay":false,"sceneViewState":{"m_AlwaysRefresh":false,"showFog":true,"showSkybox":false,"showFlares":true,"showImageEffects":true,"showParticleSystems":true,"showVisualEffectGraphs":true,"m_FxEnabled":true},"in2DMode":false,"pivot":{"x":0.02500009536743164,"y":2.0894734859466554,"z":12.119999885559082},"rotation":{"x":-0.27432334423065188,"y":-0.1354878544807434,"z":0.03960487246513367,"w":-0.9513890743255615},"size":3.914635181427002,"orthographic":false}